1,poems/academiaOT_mimusica.png
2,poems/adele_setfire.png
3,poems/adele_someonelike.png
4,poems/adele_hello.png
5,poems/aguitasala_pordebajo.png
6,poems/aladdin_unmundo.png
7,poems/alaskaydinarama_aquien.png
8,poems/alaskaydinarama_bailando.png
9,poems/alazan_alcanzaras.png
10,poems/alejandrosanz_corazonpartio.png
11,poems/alexubago_quepides.png
12,poems/alexubagoamaia_sinmiedo.png
13,poems/algora_craneoroto.png
14,poems/amaia_quiero.png
15,poems/amaral_comohablar.png
16,poems/amaral_alfinal.png
17,poems/amaral_sinti.png
18,poems/amistades_mequedare.png
19,poems/amistades_estoy.png
20,poems/anabelconde_vuelve.png
21,poems/andermay_unjuego.png
22,poems/antonioflores_nodudaria.png
23,poems/antoniovega_lucha.png
24,poems/aqua_barbie.png
25,poems/auryn_elniño.png
26,poems/azucar_bandido.png
27,poems/azucar_solosevive.png
28,poems/backstreet_everybody.png
29,poems/barei_sayyay.png
30,poems/beatrizluengo_pretendo.png
31,poems/beatrizluengo_flordeloto.png
32,poems/bebe_malo.png
33,poems/bellepop_chicas.png
34,poems/beth_dime.png
35,poems/beyonce_amorgitano.png
36,poems/beyonce_runtheworld.png
37,poems/beyonce_sorry.png
38,poems/bombomchip_miercoles.png
39,poems/bombaestereo_fuego.png
40,poems/bravofisher_39.png
41,poems/britneyspears_babyonemore.png
42,poems/buffy_somethingtosing.png
43,poems/buffy_walkfire.png
44,poems/bustamante_nosoyunsuperman.png
45,poems/bustamante_devuelveme.png
46,poems/cafequijano_quegrande.png
47,poems/cafequijano_notienes.png
48,poems/camela_cuandozarpa.png
49,poems/carlamorrison_dejenmellorar.png
50,poems/carlosbautemarta_colgando.png
51,poems/carlossadness_queelectricidad.png
52,poems/carlosvivesshakira_labicicleta.png
53,poems/carlyrae_ireally.png
54,poems/carmenlahierbabuena_ardiendo.png
55,poems/celtascortos_lasenda.png
56,poems/celtascortos_20deabril.png
57,poems/chayanne_salome.png
58,poems/chenoa_cuandotuvas.png
59,poems/chenoa_entucruz.png
60,poems/chicoychica_tuquesabes.png
61,poems/chocolatelatino_mayonesa.png
62,poems/christinaaguilera_beautiful.png
63,poems/christinaaguilera_falsas.png
64,poems/christinarosenvinge_anoche.png
65,poems/christinarosenvinge_ladistancia.png
66,poems/colajetset_suena.png
67,poems/coldplay_fixyou.png
68,poems/complices_nadaes.png
69,poems/complices_esporti.png
70,poems/conchita_nadaqueperder.png
71,poems/conchitawurst_rise.png
72,poems/cooper_hyde.png
73,poems/cooper_rabia.png
74,poems/copiloto_salvar.png
75,poems/coral_todoesta.png
76,poems/coyotedax_semurio.png
77,poems/danieldiges_algopeq.png
78,poems/davidbisbal_mienteme.png
79,poems/davidbisbal_elalmaenpie.png
80,poems/davidcivera_queladetengan.png
81,poems/davidcivera_dileque.png
82,poems/davinia_comoquieres.png
83,poems/delafe_hoyprenderan.png
84,poems/delafeylasfloresazules_riopornollorar.png
85,poems/delafeylasfloresazules_detisinmi.png
86,poems/deneuve_paravosotras.png
87,poems/depedro_nubes.png
88,poems/doblepletina_musicaparacerrar.png
89,poems/doblepletina_revival.png
90,poems/duodinamico_resistire.png
91,poems/duodinamico_quisieraser.png
92,poems/edurne_amanecer.png
93,poems/edurne_amoresdormidos.png
94,poems/edwardsharpe_home.png
95,poems/efectomariposa_otrahistoria.png
96,poems/efectomariposa_nomecrees.png
97,poems/eladio_eltiempo.png
98,poems/ellabailasola_loechamos.png
99,poems/ellabailasola_comorepartimos.png
100,poems/ellos_elanillo.png
101,poems/ellos_lodejas.png
102,poems/sinresultados.png
103,poems/enriqueiglesias_bailando.png
104,poems/enriqueiglesias_subemelaradio.png
105,poems/enriqueiglesias_experiencia.png
106,poems/espaldamaceta_ahoraquelamierda.png
107,poems/espaldamaceta_lacantante.png
108,poems/estopa_comocamaron.png
109,poems/estopa_mefalta.png
110,poems/estopa_tucalorro.png
111,poems/factodelafe_mar.png
112,poems/fangoria_dramas.png
113,poems/fangoria_retorciendo.png
114,poems/fangoria_eternamente.png
115,poems/floresraras_quieroverte.png
116,poems/flosmariae_amen.png
117,poems/formulaabierta_tequieromas.png
118,poems/frozenBSO_letitgo.png
119,poems/fuelfandango_salvaje.png
120,poems/fun_weareyoung.png
121,poems/gastelo_mevasamatar.png
122,poems/gastelo_meestasquitando.png
123,poems/gastelo_comoelsol.png
124,poems/gleecast_loser.png
125,poems/gretaylosgarbo_notefallare.png
126,poems/gretaylosgarbo_vive.png
127,poems/gretaylosgarbo_piensotanto.png
128,poems/grises_parfait.png
129,poems/guarana_nocheenvela.png
130,poems/helenapaparizou_mynumber1.png
131,poems/herculesBSO_canciondemeg.png
132,poems/hidrogenesse_disfraz.png
133,poems/hijasdelsol_aycorazon.png
134,poems/hilaryduff_whatdreamsaremadeof.png
135,poems/hilaryduff_comeclean.png
136,poems/hilaryduff_outsideofyou.png
137,poems/hozier_takeme.png
138,poems/iconapop_emergency.png
139,poems/idaira_nadabueno.png
140,poems/iguanatango_olvidatedemi.png
141,poems/iguanatango_teperdi.png
142,poems/illy_itcantwait.png
143,poems/indiamartinez_vencer.png
144,poems/ireneymariajesus_mueve.png
145,poems/islasanjuan_amistad.png
146,poems/ivanferreiro_turnedo.png
147,poems/
148,poems/jacksavoretti_dreamers.png
149,poems/jamelia_superstar.png
150,poems/jamesblunt_yourebeautiful.png
151,poems/janellemonae_coldwar.png
152,poems/jarcha_libertad.png
153,poems/jasonmraz_imyours.png
154,poems/javieramena_espada.png
155,poems/jeanette_porquetevas.png
156,poems/jeanette_soyrebelde.png
157,poems/jenniferlopez_quehiciste.png
158,poems/jewel_goodbyealice.png
159,poems/joecrepusculo_mifabrica.png
160,poems/joecrepusculo_laverdad.png
161,poems/johnlennon_imagine.png
162,poems/josefsalvat_shootandrun.png
163,poems/juanes_fotografia.png
164,poems/juanes_adioslepido.png
165,poems/julietavenegas_mevoy.png
166,poems/justinbieber_sorry.png
167,poems/katyperry_firework.png
168,poems/katyperry_chained.png
169,poems/kesia_respirasyyo.png
170,poems/kevinjohansen_anochesoñe.png
171,poems/kingafrica_bomba.png
172,poems/klauskinski_nuncaestas.png
173,poems/klauskinski_flashback.png
174,poems/kttunstall_otherside.png
175,poems/kylieminogue_cantgetout.png
176,poems/kylieminogue_slow.png
177,poems/labienquerida_avecesnieso.png
178,poems/labienquerida_arenas.png
179,poems/lacostabrava_adoro.png
180,poems/lafiesta_tomavitamina.png
181,poems/lahabitacionroja_voyahacerte.png
182,poems/laguardia_milcalles.png
183,poems/lalaland_someone.png
184,poems/lalaland_cityofstars.png
185,poems/lalaland_audition.png
186,poems/laorejadevangogh_laplaya.png
187,poems/laorejadevangogh_deseosdecosas.png
188,poems/laorejadevangogh_rosas.png
189,poems/laorejadevangogh_tuyyo.png
190,poems/laorejadevangogh_vos.png
191,poems/laorejadevangogh_cuantoscuentos.png
192,poems/laorejadevangogh_jueves.png
193,poems/laprohibida_baloncesto.png
194,poems/laquintaestacion_elsolnoregresa.png
195,poems/laquintaestacion_ahoraquetevas.png
196,poems/laquintaestacion_memuero.png
197,poems/laquintaestacion_lafrasetonta.png
198,poems/laquintaestacion_tupeorerror.png
199,poems/labuat_soytuaire.png
200,poems/ladygaga_alejandro.png
201,poems/ladygaga_bornthisway.png
202,poems/ladygaga_perfect.png
203,poems/ladygaga_million.png
204,poems/lanadelrey_borntodie.png
205,poems/lanadelrey_youngandbeautiful.png
206,poems/lanadelrey_love.png
207,poems/lantana_miexcorazon.png
208,poems/lasbistecs_señorasbien.png
209,poems/laschuches_comoronea.png
210,poems/lasketchup_asereje.png
211,poems/laurapausini_sefue.png
212,poems/laurapausini_viveme.png
213,poems/lepunk_fulanadetal.png
214,poems/leamichele_battlefield.png
215,poems/lesleygore_itsmyparty.png
216,poems/lilyallen_fuckyou.png
217,poems/littlemix_wings.png
218,poems/lorde_greenlight.png
219,poems/lorde_royal.png
220,poems/lorimeyers_luciernagas.png
221,poems/lorimeyers_mirealidad.png
222,poems/lorimeyers_emborracharme.png
223,poems/loschunguitos_dameveneno.png
224,poems/loshappiness_amoalaura.png
225,poems/loveoflesbian_universos.png
226,poems/loveoflesbian_undiaenelparque.png
227,poems/loveoflesbian_allidonde.png
228,poems/loveoflesbian_incendios.png
229,poems/loveoflesbian_elpoeta.png
230,poems/luciacarames_contigo.png
231,poems/luciaperez_quemequiten.png
232,poems/luisfonsi_despacito.png
233,poems/lunae_hipnotizadas.png
234,poems/luzcasal_nomeimporta.png
235,poems/luzcasal_unnuevodia.png
236,poems/madonna_likeavirgin.png
237,poems/madonna_sorry.png
238,poems/madonna_4minutes.png
239,poems/malenagracia_loca.png
240,poems/malu_aprendiz.png
241,poems/malu_toda.png
242,poems/malu_blancoynegro.png
243,poems/manuelcarrasco_yahora.png
244,poems/manuelcarrasco_siendouno.png
245,poems/maranges_missdilemas.png
246,poems/marcanthony_ahoraquien.png
247,poems/marey_tunomeveras.png
248,poems/mariadelmonte_cantame.png
249,poems/mariaisabel_antesmuerta.png
250,poems/mariaisabel_lavidaessolouna.png
251,poems/mariamena_heshurting.png
252,poems/mariamena_theend.png
253,poems/marisol_estandocontigo.png
254,poems/marisol_tombola.png
255,poems/marlango_damelarazon.png
256,poems/martasanchez_desesperada.png
257,poems/martasanchez_desconocida.png
258,poems/martasanchez_labelleza.png
259,poems/martasanchez_simecambian.png
260,poems/martirio_sevillanas.png
261,poems/marvingaye_aintnomountain.png
262,poems/mclan_miedo.png
263,poems/mecano_mecuestatanto.png
264,poems/mecano_mujercontramujer.png
265,poems/melody_elbaile.png
266,poems/merche_nomepidas.png
267,poems/merche_ledeseo.png
268,poems/merche_distancia.png
269,poems/miguelbose_amantebandido.png
270,poems/miguelbose_olvidametu.png
271,poems/miranda_hola.png
272,poems/mirela_contigo.png
273,poems/misscafeina_venimos.png
274,poems/misscafeina_miracomovuelo.png
275,poems/mocedades_erestu.png
276,poems/monicalimon_shan.png
277,poems/monicanaranjo_desatame.png
278,poems/monicanaranjo_sobrevivire.png
279,poems/morat_comoteatreves.png
280,poems/nachocano_elamargo.png
281,poems/nachovegas_dry.png
282,poems/nachovegas_lasinmensas.png
283,poems/nancysrubias_menecanta.png
284,poems/napoleonsolo_tienequeacabar.png
285,poems/natalia_vasavolverme.png
286,poems/natalia_yoyluegotu.png
287,poems/natalialafourcade_hastalaraiz.png
288,poems/nataliaoreiro_tuveneno.png
289,poems/nenadaconte_idiota.png
290,poems/nenadaconte_noeresmiperro.png
291,poems/ninasimone_feelinggood.png
292,poems/ninobravo_nuestrohogar.png
293,poems/ninobravo_libre.png
294,poems/niñosmutantes_tefavorece.png
295,poems/niñosmutantes_nopuedomascontigo.png
296,poems/nuevavulcano_tedebounbaile.png
297,poems/nuriafergo_brisadeesperanza.png
298,poems/nuriafergo_caraacara.png
299,poems/objetivobirmania_losamigos.png
300,poems/obk_historiasdeamor.png
301,poems/obk_falsamoral.png
302,poems/ondina_fueradeaqui.png
303,poems/onerepublic_ilived.png
304,poems/pablolopez_vi.png
305,poems/pablolopez_tuenemigo.png
306,poems/palomasanbasilio_lafiesta.png
307,poems/palomasanbasilio_juntos.png
308,poems/papatopo_loquemegusta.png
309,poems/pastora_perdereltiempo.png
310,poems/pastora_yquepasa.png
311,poems/pastora_diatonto.png
312,poems/pastora_grandesdespedidas.png
313,poems/pastora_lanada.png
314,poems/pastorasoler_lamalacostumbre.png
315,poems/pastorasoler_corazoncongelado.png
316,poems/pastorasoler_quedateconmigo.png
317,poems/patriciamanterola_queelritmo.png
318,poems/paulinarubio_lohareporti.png
319,poems/paulinarubio_yonosoyesamujer.png
320,poems/paulinarubio_causa.png
321,poems/paulineenlaplaya_titubeas.png
322,poems/paulineenlaplaya_meacurruco.png
323,poems/paulineenlaplaya_ungranpais.png
324,poems/pereza_animales.png
325,poems/pereza_princesas.png
326,poems/pereza_violentoamor.png
327,poems/piercing_boogie.png
328,poems/pigmy_piedrasyguisantes.png
329,poems/pigmy_hoy.png
330,poems/pigmy_pigmy.png
331,poems/pigmy_mientomenos.png
332,poems/queco_tengo.png
333,poems/quiquegonzalez_aunquetuno.png
334,poems/raphael_yosoyaquel.png
335,poems/raphael_migrannoche.png
336,poems/raul_sueñosuboca.png
337,poems/raul_haciendotrampas.png
338,poems/rebeca_durodepelar.png
339,poems/rebeca_sientesmariposas.png
340,poems/rebecajimenez_despertarme.png
341,poems/reginaspektor_thattime.png
342,poems/reik_llegotuamor.png
343,poems/ricardoarjona_tarde.png
344,poems/rickymartin_maria.png
345,poems/rickymartin_teextraño.png
346,poems/rickymartin_lamordidita.png
347,poems/rihanna_dontstop.png
348,poems/rihanna_onlygirl.png
349,poems/rihanna_diamonds.png
350,poems/riosdegloria_obsesion.png
351,poems/robyn_withevery.png
352,poems/rociojurado_comounaola.png
353,poems/rociojurado_senosrompio.png
354,poems/rociojurado_puntodepartida.png
355,poems/rosa_europesliving.png
356,poems/rosana_situnoestas.png
357,poems/rosana_aquelcorazon.png
358,poems/rosana_llegaremos.png
359,poems/rupaul_covergirl.png
360,poems/rupaul_thebeginning.png
361,poems/rupaul_bornnaked.png
362,poems/russianred_cigarettes.png
363,poems/russianred_ihateyou.png
364,poems/ruthlorenzo_dancing.png
365,poems/ruthlorenzo_gigantes.png
366,poems/sara_nosomosdepiedra.png
367,poems/selenagomez_iloveyoulike.png
368,poems/sergiodalma_bailarpegados.png
369,poems/sergiodalma_lavidaempiezahoy.png
370,poems/shakira_estoyaqui.png
371,poems/shakira_lasdelaintuicion.png
372,poems/shakira_no.png
373,poems/shakiraymaluma_chantaje.png
374,poems/sia_breatheme.png
375,poems/sia_soonwellbefound.png
376,poems/sia_firemeetgasoline.png
377,poems/sia_alive.png
378,poems/sidonie_losolvidados.png
379,poems/sidonie_enmigarganta.png
380,poems/soniayselena_yoquierobailar.png
381,poems/soniayselena_dejaquemueva.png
382,poems/spicegirls_wannabe.png
383,poems/spicegirls_2become1.png
384,poems/spicegirls_goodbye.png
385,poems/sugababes_nevergonnadance.png
386,poems/supersubmarina_lngranada.png
387,poems/supersubmarina_algoquesirvacomoluz.png
388,poems/tahureszurdos_elchicodelamirada.png
389,poems/taylorswift_weareneverever.png
390,poems/taylorswift_blankspace.png
391,poems/tess_quieroseryo.png
392,poems/tess_nomedejessola.png
393,poems/tess_malditacancion.png
394,poems/thalia_arrasando.png
395,poems/thalia_nomeenseñaste.png
396,poems/thecorrs_therighttime.png
397,poems/thecorrs_whatcanido.png
398,poems/thecorrs_breathless.png
399,poems/tinocasal_embrujada.png
400,poems/tinocasal_eloise.png
401,poems/tisubyygeorgina_ruletadeamor.png
402,poems/tisubyygeorgina_nuncamas.png
403,poems/tizianoferro_elregalo.png
404,poems/travolta_esacancion.png
405,poems/trebol_navegandoeninternet.png
406,poems/upadance_porquemefaltastu.png
407,poems/upadance_morenita.png
408,poems/valderrama_ahoratetoca.png
409,poems/vanesamartin_simeolvidas.png
410,poems/vanesamartin_complicidad.png
411,poems/varrybrava_nogires.png
412,poems/vega_cuantadecepcion.png
413,poems/vega_elalud.png
414,poems/vega_wolverines.png
415,poems/venus_perfecta.png
416,poems/vertigogo_eseoscuro.png
417,poems/vetustamorla_copenhague.png
418,poems/vetustamorla_loquetehacegrande.png
419,poems/vetustamorla_ladreiva.png
420,poems/whitneyhouston_iwannadance.png
421,poems/whitneyhouston_ihavenothing.png
422,poems/xoellopez_yosoloqueria.png
423,poems/xuxa_ilarie.png
424,poems/ylenia_pegate.png
425,poems/zahara_funeral.png
426,poems/zahara_chicofabuloso.png
427,poems/zahara_fragiles.png
428,poems/zahara_mariposas.png
429,poems/zahara_crash.png
430,poems/zenet_unbesodeesos.png
431,poems/4nonblondes_whatsup.png
